ID,Title,Content,Excerpt,Date,"Post Type",Permalink
310,hello,"<span style=""display: block;""> <a title=""Narappa"" href=""https://www.themoviedb.org/movie/666564"">Narappa</a>  h</span>",,"2023-12-28 21:11:12",movie,http://localhost/site3/?post_type=movie&p=310
335,"John Wick: Chapter 4 (2023)","<!-- wp:paragraph -->
<p>With the price on his head ever increasing, John Wick uncovers a path to defeating The High Table. But before he can earn his freedom, Wick must face off against a new enemy with powerful alliances across the globe and forces that turn old friends into foes.</p>
<!-- /wp:paragraph -->",,"2023-12-29 00:57:36",movie,http://localhost/site3/movie/john-wick-chapter-4-2023/
398,Inception,,,"2023-12-29 12:20:32",movie,http://localhost/site3/movie/inception/
400,"The Shawshank Redemption",,,"2023-12-29 12:24:53",movie,http://localhost/site3/movie/the-shawshank-redemption/
401,"The Dark Knight",,,"2023-12-29 12:28:03",movie,http://localhost/site3/movie/the-dark-knight/
402,"Pulp Fiction",,,"2023-12-29 12:30:28",movie,http://localhost/site3/movie/pulp-fiction/
403,"Schindler's List",,,"2023-12-29 12:35:54",movie,http://localhost/site3/movie/schindlers-list/
404,"Fight Club",,,"2023-12-29 12:39:59",movie,http://localhost/site3/movie/fight-club/
406,"Forrest Gump",,,"2023-12-29 12:53:43",movie,http://localhost/site3/movie/forrest-gump/
407,"The Matrix",,,"2023-12-29 12:57:11",movie,http://localhost/site3/movie/the-matrix/
408,"The Godfather",,,"2023-12-29 13:00:19",movie,http://localhost/site3/movie/the-godfather/
409,"The Lord of the Rings: The Fellowship of the Ring",,,"2023-12-29 13:39:15",movie,http://localhost/site3/movie/the-lord-of-the-rings-the-fellowship-of-the-ring/
410,"The Silence of the Lambs",,,"2023-12-29 13:41:45",movie,http://localhost/site3/movie/the-silence-of-the-lambs/
411,Titanic,,,"2023-12-29 13:44:31",movie,http://localhost/site3/movie/titanic/
413,Avatar,,,"2023-12-29 13:47:56",movie,http://localhost/site3/movie/avatar/
414,"The Social Network",,,"2023-12-29 13:51:06",movie,http://localhost/site3/movie/the-social-network/
415,"The Departed",,,"2023-12-29 13:53:31",movie,http://localhost/site3/movie/the-departed/
416,Gladiator,,,"2023-12-29 13:56:26",movie,http://localhost/site3/movie/gladiator/
417,"The Green Mile",,,"2023-12-29 13:59:07",movie,http://localhost/site3/movie/the-green-mile/
418,"The Usual Suspects",,,"2023-12-29 14:01:47",movie,http://localhost/site3/movie/the-usual-suspects/
419,Goodfellas,,,"2023-12-29 14:05:12",movie,http://localhost/site3/movie/goodfellas/
420,Interstellar,,,"2023-12-29 14:07:39",movie,http://localhost/site3/movie/interstellar/
